"Source:","D:\Eurorack\Ampelope\Hardware\Ampelope_Components.kicad_sch"
"Date:","22/09/2021 17:17:07"
"Tool:","Eeschema (5.99.0-12348-g4b436fb86d)"
"Generator:","C:\Program Files\KiCad\5.99\bin\scripting\plugins/bom_csv_grouped_by_value_with_fp.py"
"Component Count:","121"
"Ref","Qnty","Value","Cmp name","Footprint","Description","Vendor"
"C1, C2, C3, C4, ","4","22uF","CP_Small","Capacitor_SMD:CP_Elec_4x5.8","Polarized capacitor, small symbol",""
"C5, C6, C7, C8, ","4","100pF","C_Small","Capacitor_SMD:C_0603_1608Metric_Pad1.08x0.95mm_HandSolder","Unpolarized capacitor, small symbol",""
"C9, C11, C13, C21, C22, C23, C26, ","7","100nF","C_Small","Capacitor_SMD:C_0603_1608Metric_Pad1.08x0.95mm_HandSolder","Unpolarized capacitor, small symbol",""
"C10, ","1","4.7uF","C_Small","Capacitor_SMD:C_0603_1608Metric_Pad1.08x0.95mm_HandSolder","Unpolarized capacitor, small symbol",""
"C12, C15, ","2","1uF","C_Small","Capacitor_SMD:C_0603_1608Metric_Pad1.08x0.95mm_HandSolder","Unpolarized capacitor, small symbol",""
"C14, C20, ","2","10nF","C_Small","Capacitor_SMD:C_0603_1608Metric_Pad1.08x0.95mm_HandSolder","Unpolarized capacitor, small symbol",""
"C16, C17, C18, C19, ","4","560pF","C_Small","Capacitor_SMD:C_0603_1608Metric_Pad1.08x0.95mm_HandSolder","Unpolarized capacitor, small symbol",""
"C24, C25, ","2","30pF","C_Small","Capacitor_SMD:C_0603_1608Metric_Pad1.08x0.95mm_HandSolder","Unpolarized capacitor, small symbol",""
"C27, C28, C29, C30, ","4","2.2nF","C_Small","Capacitor_SMD:C_0603_1608Metric_Pad1.08x0.95mm_HandSolder","Unpolarized capacitor, small symbol",""
"D1, D2, ","2","1N5819","1N5819","Diode_SMD:D_SOD-123","40V 1A Schottky Barrier Rectifier Diode, DO-41",""
"FID1, ","1","4_Layer_Marker","Fiducial","Custom_Footprints:4_Layer_Markers","Fiducial Marker",""
"J1, J2, J3, J4, ","4","Conn_01x12_Male","Conn_01x12_Male","Connector_PinHeader_2.54mm:PinHeader_1x12_P2.54mm_Vertical","Generic connector, single row, 01x12, script generated (kicad-library-utils/schlib/autogen/connector/)",""
"J5, ","1","Eurorack_16_pin_power","Eurorack_16_pin_power","Custom_Footprints:Eurorack_16_pin_header","",""
"J6, J9, ","2","Conn_01x02_Male","Conn_01x02_Male","Connector_PinHeader_2.54mm:PinHeader_1x02_P2.54mm_Vertical","Generic connector, single row, 01x02, script generated (kicad-library-utils/schlib/autogen/connector/)",""
"J7, ","1","SWD_Header","Conn_01x04_Male","Custom_Footprints:SWD_header","Generic connector, single row, 01x04, script generated (kicad-library-utils/schlib/autogen/connector/)",""
"J8, ","1","USB_B_Micro","USB_B_Micro","Custom_Footprints:USB_Micro-B_Amphenol","USB Micro Type B connector",""
"L1, ","1","L_Small","L_Small","Inductor_SMD:L_0805_2012Metric_Pad1.05x1.20mm_HandSolder","Inductor, small symbol",""
"Q1, Q2, Q3, Q4, Q5, ","5","MMBT3906","MMBT3906","Package_TO_SOT_SMD:SOT-23","-0.2A Ic, -40V Vce, Small Signal PNP Transistor, SOT-23",""
"R1, R3, R5, R7, R47, R50, R51, R52, R57, R58, R59, R60, ","12","1k","R_Small","Resistor_SMD:R_0603_1608Metric_Pad0.98x0.95mm_HandSolder","Resistor, small symbol",""
"R2, R4, R6, R8, R27, R30, R32, R34, ","8","30k","R_Small","Resistor_SMD:R_0603_1608Metric_Pad0.98x0.95mm_HandSolder","Resistor, small symbol",""
"R9, ","1","100k","R_Small","Resistor_SMD:R_0603_1608Metric_Pad0.98x0.95mm_HandSolder","Resistor, small symbol",""
"R10, R11, R12, R13, R15, R16, R17, R18, R43, R44, R45, R46, R48, R49, ","14","4k7","R_Small","Resistor_SMD:R_0603_1608Metric_Pad0.98x0.95mm_HandSolder","Resistor, small symbol",""
"R14, R28, R29, R33, ","4","510R","R_Small","Resistor_SMD:R_0603_1608Metric_Pad0.98x0.95mm_HandSolder","Resistor, small symbol",""
"R19, R20, R21, R22, R23, R24, R25, R26, R53, R54, R55, R56, ","12","10k","R_Small","Resistor_SMD:R_0603_1608Metric_Pad0.98x0.95mm_HandSolder","Resistor, small symbol",""
"R31, ","1","100R","R_Small","Resistor_SMD:R_0603_1608Metric_Pad0.98x0.95mm_HandSolder","Resistor, small symbol",""
"R35, R37, R39, R41, ","4","6k8","R_Small","Resistor_SMD:R_0603_1608Metric_Pad0.98x0.95mm_HandSolder","Resistor, small symbol",""
"R36, R38, R40, R42, ","4","3k3","R_Small","Resistor_SMD:R_0603_1608Metric_Pad0.98x0.95mm_HandSolder","Resistor, small symbol",""
"RESET1, ","1","SW_Push","SW_Push","Custom_Footprints:SW_SPST_EVQQ2","Push button switch, generic, two pins",""
"TP1, TP2, TP3, TP4, TP5, ","5","TestPoint","TestPoint","Custom_Footprints:1.3mm_Test_Point","test point",""
"U1, ","1","STM32G431RB","STM32G431RB","Package_QFP:LQFP-64_10x10mm_P0.5mm","ARM Cortex-M4 MCU, 128KB flash, 32KB RAM, 170MHz, 1.8-3.6V, 50 GPIO, LQFP-64",""
"U2, ","1","AS3364","SSI2164","Package_SO:SOIC-16_3.9x9.9mm_P1.27mm","Quad VCA, SOIC-16",""
"U3, ","1","LM1117-3.3","LM1117-3.3","Package_TO_SOT_SMD:SOT-223-3_TabPin2","800mA Low-Dropout Linear Regulator, 3.3V fixed output, TO-220/TO-252/TO-263/SOT-223",""
"U4, U5, U6, ","3","TL074","TL074","Package_SO:SOIC-14_3.9x8.7mm_P1.27mm","Quad Low-Noise JFET-Input Operational Amplifiers, DIP-14/SOIC-14",""
"Y1, ","1","8MHz 20pF","Crystal","Crystal:Crystal_SMD_0603-2Pin_6.0x3.5mm","Two pin crystal",""
